<?xml version="1.0" encoding="UTF-8"?>
<!DOCTYPE hibernate-configuration PUBLIC "-//Hibernate/Hibernate Configuration DTD 3.0//EN" "http://hibernate.sourceforge.net/hibernate-configuration-3.0.dtd">
<hibernate-configuration>
    <session-factory>
    
        
        <property name="javax.persistence.jdbc.driver" >com.mysql.jdbc.Driver</property>
        <property name="hibernate.connection.datasource" >jdbc/hmx</property>
        <property name="hibernate.dialect" >org.hibernate.dialect.MySQL5Dialect</property>
        <property name="hibernate.show_sql" >true</property>
        
        <property name="transaction.factory_class">org.hibernate.transaction.JDBCTransactionFactory</property>

        <property name="hibernate.cache.use_query_cache">false</property>
        <property name="hibernate.cache.region_prefix">appcache</property>

        <!-- Enable Hibernate's automatic session context management -->
        <property name="current_session_context_class">thread</property>
        <property name="hibernate.connection.aggressive_release">true</property>

        <!-- Echo all executed SQL to stdout -->
        <property name="show_sql">true</property>
        <property name="hibernate.connection.autocommit">false</property>

        <!-- Disable the second-level cache -->
        <property name="hibernate.cache.use_second_level_cache">false</property>
        <property name="hibernate.cache.provider_class">org.hibernate.cache.NoCacheProvider</property>

        <property name="generate_statistics">true</property>
        <property name="cache.use_structured_entries">true</property>
        
        
        
    </session-factory>
</hibernate-configuration>
